Workbook

Sheet Relatório de Resposta
A1: Microsoft Excel 16.0 Answer Report
A2: Worksheet: [Trabalho OCD.xlsx]Sheet1
A3: Report Created: 13/05/2023 19:04:50
A4: Result: Solver found a solution. All Constraints and optimality conditions are satisfied.
A5: Solver Engine
B6: Engine: Simplex LP
B7: Solution Time: 0,046 Seconds.
B8: Iterations: 8 Subproblems: 0
A9: Solver Options
B10: Max Time Unlimited, Iterations Unlimited, Precision 0,000001, Use Automatic Scaling
B11: Max Subproblems Unlimited, Max Integer Sols Unlimited, Integer Tolerance 1%, Assume NonNegative
A14: Objective Cell (Min)
B15: Cell | C15: Name | D15: Original Value | E15: Final Value
B16: $M$26 | C16: Custo Transformação | D16: 0 | E16: 43453.451
A19: Variable Cells
B20: Cell | C20: Name | D20: Original Value | E20: Final Value | F20: Integer
B21: $C$24 | C21: Toneladas x11 | D21: 0 | E21: 588.23529 | F21: Contin
B22: $D$24 | C22: Toneladas x12 | D22: 0 | E22: 111.76471 | F22: Contin
B23: $E$24 | C23: Toneladas x21 | D23: 0 | E23: 0 | F23: Contin
B24: $F$24 | C24: Toneladas x22 | D24: 0 | E24: 171.42857 | F24: Contin
B25: $G$24 | C25: Toneladas x23 | D25: 0 | E25: 428.57143 | F25: Contin
B26: $H$24 | C26: Toneladas x31 | D26: 0 | E26: 0 | F26: Contin
B27: $I$24 | C27: Toneladas x32 | D27: 0 | E27: 350 | F27: Contin
B28: $J$24 | C28: Toneladas x33 | D28: 0 | E28: 0 | F28: Contin
B29: $K$24 | C29: Toneladas x41 | D29: 0 | E29: 0 | F29: Contin
B30: $L$24 | C30: Toneladas x42 | D30: 0 | E30: 108.4934 | F30: Contin
A33: Constraints
B34: Cell | C34: Name | D34: Cell Value | E34: Formula | F34: Status | G34: Slack
B35: $M$29 | C35: Encomenda K | D35: 500 | E35: $M$29=$O$29 | F35: Binding | G35: 0
B36: $M$30 | C36: Encomenda E | D36: 600 | E36: $M$30=$O$30 | F36: Binding | G36: 0
B37: $M$31 | C37: Encomenda I | D37: 300 | E37: $M$31=$O$31 | F37: Binding | G37: 0
B38: $M$32 | C38: Disponibilidade J | D38: 700 | E38: $M$32<=$O$32 | F38: Binding | G38: 0
B39: $M$33 | C39: Disponibilidade P.M | D39: 600 | E39: $M$33<=$O$33 | F39: Binding | G39: 0
B40: $M$34 | C40: Disponibilidade P.E | D40: 350 | E40: $M$34<=$O$34 | F40: Binding | G40: 0
B41: $M$35 | C41: Disponibilidade C | D41: 108.4934 | E41: $M$35<=$O$35 | F41: Not Binding | G41: 291.5066

Sheet Relatório de Sensibilidade
A1: Microsoft Excel 16.0 Sensitivity Report
A2: Worksheet: [Trabalho OCD.xlsx]Sheet1
A3: Report Created: 13/05/2023 19:04:50
A6: Variable Cells
D7: Final | E7: Reduced | F7: Objective | G7: Allowable | H7: Allowable
B8: Cell | C8: Name | D8: Value | E8: Cost | F8: Coefficient | G8: Increase | H8: Decrease
B9: $C$24 | C9: Toneladas x11 | D9: 588.23529 | E9: 0 | F9: 21.5 | G9: 0.51984127 | H9: 1e+30
B10: $D$24 | C10: Toneladas x12 | D10: 111.76471 | E10: 0 | F10: 26 | G10: 3.1428571 | H10: 0.51984127
B11: $E$24 | C11: Toneladas x21 | D11: 0 | E11: 0.55042017 | F11: 25.75 | G11: 1e+30 | H11: 0.55042017
B12: $F$24 | C12: Toneladas x22 | D12: 171.42857 | E12: 0 | F12: 28.25 | G12: 0.55042017 | H12: 1.3571429
B13: $G$24 | C13: Toneladas x23 | D13: 428.57143 | E13: 0 | F13: 25.5 | G13: 1.3571429 | H13: 1e+30
B14: $H$24 | C14: Toneladas x31 | D14: 0 | E14: 1.8718487 | F14: 23.75 | G14: 1e+30 | H14: 1.8718487
B15: $I$24 | C15: Toneladas x32 | D15: 350 | E15: 0 | F15: 26.75 | G15: 1.5510204 | H15: 1e+30
B16: $J$24 | C16: Toneladas x33 | D16: 0 | E16: 1.5510204 | F16: 27.5 | G16: 1e+30 | H16: 1.5510204
B17: $K$24 | C17: Toneladas x41 | D17: 0 | E17: 1.3067227 | F17: 24.5 | G17: 1e+30 | H17: 1.3067227
B18: $L$24 | C18: Toneladas x42 | D18: 108.4934 | E18: 0 | F18: 25.5 | G18: 1.2148438 | H18: 0.78125
A20: Constraints
D21: Final | E21: Shadow | F21: Constraint | G21: Allowable | H21: Allowable
B22: Cell | C22: Name | D22: Value | E22: Price | F22: R.H. Side | G22: Increase | H22: Decrease
B23: $M$29 | C23: Encomenda K | D23: 500 | E23: 28.991597 | F23: 500 | G23: 95 | H23: 80.691964
B24: $M$30 | C24: Encomenda E | D24: 600 | E24: 36.428571 | F24: 600 | G24: 204.05462 | H24: 75.945378
B25: $M$31 | C25: Encomenda I | D25: 300 | E25: 37.704082 | F25: 300 | G25: 120 | H25: 66.452206
B26: $M$32 | C26: Disponibilidade J | D26: 700 | E26: -3.1428571 | F26: 700 | G26: 94.931723 | H26: 111.76471
B27: $M$33 | C27: Disponibilidade P.M | D27: 600 | E27: -0.89285714 | F27: 600 | G27: 94.931723 | H27: 171.42857
B28: $M$34 | C28: Disponibilidade P.E | D28: 350 | E28: -4.2142857 | F28: 350 | G28: 89.347504 | H28: 240.06426
B29: $M$35 | C29: Disponibilidade C | D29: 108.4934 | E29: 0 | F29: 400 | G29: 1e+30 | H29: 291.5066

Sheet Modelo
B1: Legenda:
B2: J | C2: Jornal
B3: P.M | C3: Papel misto
B4: P.E | C4: Papel de escritório
B5: C | C5: Cartão
B6: K | C6: Papel Kraft
B7: E | C7: Papel de embrulho
B8: I | C8: Papel de impressão
B10: Transformação | C10: Custo Compra (Euros) | D10: Custo transformação (Euros) | E10: Rendimento
B11: J - K | C11: 15 | D11: 6.5 | E11: 0.85
B12: J -E | C12: 15 | D12: 11 | E12: 0.8
B13: P.M - K | C13: 16 | D13: 9.75 | E13: 0.9
B14: P.M - E | C14: 16 | D14: 12.25 | E14: 0.8
B15: P.M - I | C15: 16 | D15: 9.5 | E15: 0.7
B16: P.E - K | C16: 19 | D16: 4.75 | E16: 0.9
B17: P.E - E | C17: 19 | D17: 7.75 | E17: 0.85
B18: P.E - I | C18: 19 | D18: 8.5 | E18: 0.8
B19: C - K | C19: 17 | D19: 7.5 | E19: 0.8
B20: C - E | C20: 17 | D20: 8.5 | E20: 0.7
B22: Transformação | C22: J - K | D22: J - E | E22: P.M - K | F22: P.M - E | G22: P.M - I | H22: P.E - K | I22: P.E - E | J22: P.E - I | K22: C - K | L22: C - E
C23: x11 | D23: x12 | E23: x21 | F23: x22 | G23: x23 | H23: x31 | I23: x32 | J23: x33 | K23: x41 | L23: x42
B24: Toneladas | C24: 588.23529 | D24: 111.76471 | E24: 0 | F24: 171.42857 | G24: 428.57143 | H24: 0 | I24: 350 | J24: 0 | K24: 0 | L24: 108.4934
B25: Custo Compra | C25: {=TRANSPOSE(C11:C20)} -> 15 | D25: 15 | E25: 16 | F25: 16 | G25: 16 | H25: 19 | I25: 19 | J25: 19 | K25: 17 | L25: 17
B26: Custo Transformação | C26: {=TRANSPOSE(D11:D20)} -> 6.5 | D26: 11 | E26: 9.75 | F26: 12.25 | G26: 9.5 | H26: 4.75 | I26: 7.75 | J26: 8.5 | K26: 7.5 | L26: 8.5 | M26: =SUM(SUMPRODUCT(C25:L25,$C$24:$L$24),SUMPRODUCT(C26:L26,$C$24:$L$24)) -> 43453.451 | N26: CUSTO TOTAL | O26: Min
B28: Restrições:
B29: Encomenda K | C29: =E11 -> 0.85 | D29: 0 | E29: =E13 -> 0.9 | F29: 0 | G29: 0 | H29: =E16 -> 0.9 | I29: 0 | J29: 0 | K29: =E19 -> 0.8 | L29: 0 | M29: =SUMPRODUCT(C29:L29,$C$24:$L$24) -> 500 | N29: = | O29: 500
B30: Encomenda E | C30: 0 | D30: =E12 -> 0.8 | E30: 0 | F30: =E14 -> 0.8 | G30: 0 | H30: 0 | I30: =E17 -> 0.85 | J30: 0 | K30: 0 | L30: =E20 -> 0.7 | M30: =SUMPRODUCT(C30:L30,$C$24:$L$24) -> 600 | N30: = | O30: 600
B31: Encomenda I | C31: 0 | D31: 0 | E31: 0 | F31: 0 | G31: =E15 -> 0.7 | H31: 0 | I31: 0 | J31: =E18 -> 0.8 | K31: 0 | L31: 0 | M31: =SUMPRODUCT(C31:L31,$C$24:$L$24) -> 300 | N31: = | O31: 300
B32: Disponibilidade J | C32: 1 | D32: 1 | E32: 0 | F32: 0 | G32: 0 | H32: 0 | I32: 0 | J32: 0 | K32: 0 | L32: 0 | M32: =SUMPRODUCT(C32:L32,$C$24:$L$24) -> 700 | N32: <= | O32: 700
B33: Disponibilidade P.M | C33: 0 | D33: 0 | E33: 1 | F33: 1 | G33: 1 | H33: 0 | I33: 0 | J33: 0 | K33: 0 | L33: 0 | M33: =SUMPRODUCT(C33:L33,$C$24:$L$24) -> 600 | N33: <= | O33: 600
B34: Disponibilidade P.E | C34: 0 | D34: 0 | E34: 0 | F34: 0 | G34: 0 | H34: 1 | I34: 1 | J34: 1 | K34: 0 | L34: 0 | M34: =SUMPRODUCT(C34:L34,$C$24:$L$24) -> 350 | N34: <= | O34: 350
B35: Disponibilidade C | C35: 0 | D35: 0 | E35: 0 | F35: 0 | G35: 0 | H35: 0 | I35: 0 | J35: 0 | K35: 1 | L35: 1 | M35: =SUMPRODUCT(C35:L35,$C$24:$L$24) -> 108.4934 | N35: <= | O35: 400

Sheet Detalhes sobre o plano ótimo
A2: Legenda:
A3: J | B3: Jornal
A4: P.M | B4: Papel misto
A5: P.E | B5: Papel de escritório
A6: C | B6: Cartão
A7: K | B7: Papel Kraft
A8: E | B8: Papel de embrulho
A9: I | B9: Papel de impressão
A11: Produção ótima (em toneladas):
B12: Tipo de papel produzido
A13: Material usado | B13: K | C13: E | D13: I | E13: Total
A14: J | B14: =Modelo!C24 -> 588.23529 | C14: =Modelo!D24 -> 111.76471 | D14: - | E14: =SUM(B14:C14) -> 700
A15: P.M | B15: =Modelo!E24 -> 0 | C15: =Modelo!F24 -> 171.42857 | D15: =Modelo!G24 -> 428.57143 | E15: =SUM(B15:D15) -> 600
A16: P.E | B16: =Modelo!H24 -> 0 | C16: =Modelo!I24 -> 350 | D16: =Modelo!J24 -> 0 | E16: =SUM(B16:D16) -> 350
A17: C | B17: =Modelo!K24 -> 0 | C17: =Modelo!L24 -> 108.4934 | D17: - | E17: =SUM(B17:C17) -> 108.4934
A19: Custo ótimo (€):
A20: Custo compra | B20: Custo produção | C20: Total
A21: =SUM(SUMPRODUCT(Modelo!C25:D25,Modelo!C24:D24),SUMPRODUCT(Modelo!E25:G25,Modelo!E24:G24),SUMPRODUCT(Modelo!H25:J25,Modelo!H24:J24),SUMPRODUCT(Modelo!K25:L25,Modelo!K24:L24)) -> 28594.388 | B21: =SUMPRODUCT(Modelo!C26:L26,Modelo!C24:L24) -> 14859.064 | C21: =SUM(A21:B21) -> 43453.451

Sheet Estudo de rendimento 
A2: Estudo de rendimento: papel de embrulho a partir do papel misto
A4: Rendimento (%) | B4: Custo total (€)
A5: 65 | B5: 43547.81
A6: 70 | B6: 43547.81
A7: 75 | B7: 43547.81
A8: 80 | B8: 43453.45
A9: 85 | B9: 42955.49
A10: 90 | B10: 41929.2
A11: 95 | B11: 41000.63

Sheet Proposta de alteração
B1: Legenda:
B2: J | C2: Jornal
B3: P.M | C3: Papel misto
B4: P.E | C4: Papel de escritório
B5: C | C5: Cartão
B6: K | C6: Papel Kraft
B7: E | C7: Papel de embrulho
B8: I | C8: Papel de impressão
B10: Transformação | C10: Custo Compra (Euros) | D10: Custo transformação (Euros) | E10: Rendimento
B11: J - K | C11: 15 | D11: 6.5 | E11: 0.85
B12: J -E | C12: 15 | D12: 11 | E12: 0.8
B13: J - I | C13: 15 | D13: 5 | E13: 0.8
B14: P.M - K | C14: 16 | D14: 9.75 | E14: 0.9
B15: P.M - E | C15: 16 | D15: 12.25 | E15: 0.8
B16: P.M - I | C16: 16 | D16: 9.5 | E16: 0.7
B17: P.E - K | C17: 19 | D17: 4.75 | E17: 0.9
B18: P.E - E | C18: 19 | D18: 7.75 | E18: 0.85
B19: P.E - I | C19: 19 | D19: 8.5 | E19: 0.8
B20: C - K | C20: 17 | D20: 7.5 | E20: 0.8
B21: C - E | C21: 17 | D21: 8.5 | E21: 0.7
B22: C - I | C22: 17 | D22: 7.5 | E22: 0.9
B24: Transformação | C24: J - K | D24: J - E | E24: J - I | F24: P.M - K | G24: P.M - E | H24: P.M - I | I24: P.E - K | J24: P.E - E | K24: P.E - I | L24: C - K | M24: C - E | N24: C - I
C25: x11 | D25: x12 | E25: x13 | F25: x21 | G25: x22 | H25: x23 | I25: x31 | J25: x32 | K25: x33 | L25: x41 | M25: x42 | N25: x43
B26: Toneladas | C26: 588.23529 | D26: 111.76471 | E26: 0 | F26: 0 | G26: 266.36029 | H26: 0 | I26: 0 | J26: 350 | K26: 0 | L26: 0 | M26: 0 | N26: 333.33333
B27: Custo Compra | C27: {=TRANSPOSE(C11:C22)} -> 15 | D27: 15 | E27: 15 | F27: 16 | G27: 16 | H27: 16 | I27: 19 | J27: 19 | K27: 19 | L27: 17 | M27: 17 | N27: 17
B28: Custo Transformação | C28: {=TRANSPOSE(D11:D22)} -> 6.5 | D28: 11 | E28: 5 | F28: 9.75 | G28: 12.25 | H28: 9.5 | I28: 4.75 | J28: 7.75 | K28: 8.5 | L28: 7.5 | M28: 8.5 | N28: 7.5 | O28: =SUM(SUMPRODUCT(C27:N27,$C$26:$N$26),SUMPRODUCT(C28:N28,$C$26:$N$26)) -> 40606.786 | P28: CUSTO TOTAL | Q28: Min
B30: Restrições:
B31: Encomenda K | C31: =E11 -> 0.85 | D31: 0 | E31: 0 | F31: =E14 -> 0.9 | G31: 0 | H31: 0 | I31: =E17 -> 0.9 | J31: 0 | K31: 0 | L31: =E20 -> 0.8 | M31: 0 | N31: 0 | O31: =SUMPRODUCT(C31:N31,$C$26:$N$26) -> 500 | P31: = | Q31: 500
B32: Encomenda E | C32: 0 | D32: =E12 -> 0.8 | E32: 0 | F32: 0 | G32: =E15 -> 0.8 | H32: 0 | I32: 0 | J32: =E18 -> 0.85 | K32: 0 | L32: 0 | M32: =E21 -> 0.7 | N32: 0 | O32: =SUMPRODUCT(C32:N32,$C$26:$N$26) -> 600 | P32: = | Q32: 600
B33: Encomenda I | C33: 0 | D33: 0 | E33: =E13 -> 0.8 | F33: 0 | G33: 0 | H33: =E16 -> 0.7 | I33: 0 | J33: 0 | K33: =E19 -> 0.8 | L33: 0 | M33: 0 | N33: =E22 -> 0.9 | O33: =SUMPRODUCT(C33:N33,$C$26:$N$26) -> 300 | P33: = | Q33: 300
B34: Disponibilidade J | C34: 1 | D34: 1 | E34: 1 | F34: 0 | G34: 0 | H34: 0 | I34: 0 | J34: 0 | K34: 0 | L34: 0 | M34: 0 | N34: 0 | O34: =SUMPRODUCT(C34:N34,$C$26:$N$26) -> 700 | P34: <= | Q34: 700
B35: Disponibilidade P.M | C35: 0 | D35: 0 | E35: 0 | F35: 1 | G35: 1 | H35: 1 | I35: 0 | J35: 0 | K35: 0 | L35: 0 | M35: 0 | N35: 0 | O35: =SUMPRODUCT(C35:N35,$C$26:$N$26) -> 266.36029 | P35: <= | Q35: 600
B36: Disponibilidade P.E | C36: 0 | D36: 0 | E36: 0 | F36: 0 | G36: 0 | H36: 0 | I36: 1 | J36: 1 | K36: 1 | L36: 0 | M36: 0 | N36: 0 | O36: =SUMPRODUCT(C36:N36,$C$26:$N$26) -> 350 | P36: <= | Q36: 350
B37: Disponibilidade C | C37: 0 | D37: 0 | E37: 0 | F37: 0 | G37: 0 | H37: 0 | I37: 0 | J37: 0 | K37: 0 | L37: 1 | M37: 1 | N37: 1 | O37: =SUMPRODUCT(C37:N37,$C$26:$N$26) -> 333.33333 | P37: <= | Q37: 400

Sheet Plano ótimo da alteração
A2: Legenda:
A3: J | B3: Jornal
A4: P.M | B4: Papel misto
A5: P.E | B5: Papel de escritório
A6: C | B6: Cartão
A7: K | B7: Papel Kraft
A8: E | B8: Papel de embrulho
A9: I | B9: Papel de impressão
A11: Produção ótima (em toneladas):
B12: Tipo de papel produzido
A13: Material usado | B13: K | C13: E | D13: I | E13: Total
A14: J | B14: ='Proposta de alteração'!C26 -> 588.23529 | C14: ='Proposta de alteração'!D26 -> 111.76471 | D14: ='Proposta de alteração'!E26 -> 0 | E14: =SUM(B14:D14) -> 700
A15: P.M | B15: ='Proposta de alteração'!F26 -> 0 | C15: ='Proposta de alteração'!G26 -> 266.36029 | D15: ='Proposta de alteração'!H26 -> 0 | E15: =SUM(B15:D15) -> 266.36029
A16: P.E | B16: ='Proposta de alteração'!I26 -> 0 | C16: ='Proposta de alteração'!J26 -> 350 | D16: ='Proposta de alteração'!K26 -> 0 | E16: =SUM(B16:D16) -> 350
A17: C | B17: ='Proposta de alteração'!L26 -> 0 | C17: ='Proposta de alteração'!M26 -> 0 | D17: ='Proposta de alteração'!N26 -> 333.33333 | E17: =SUM(B17:D17) -> 333.33333
A19: Custo ótimo (€):
A20: Custo compra | B20: Custo produção | C20: Total
A21: =SUM(SUMPRODUCT('Proposta de alteração'!C27:E27,'Proposta de alteração'!C26:E26),SUMPRODUCT('Proposta de alteração'!F27:H27,'Proposta de alteração'!F26:H26),SUMPRODUCT('Proposta de alteração'!I27:K27,'Proposta de alteração'!I26:K26),SUMPRODUCT('Proposta de alteração'!L27:N27,'Proposta de alteração'!L26:N26)) -> 27078.431 | B21: =SUMPRODUCT('Proposta de alteração'!C28:N28,'Proposta de alteração'!C26:N26) -> 13528.355 | C21: =SUM(A21:B21) -> 40606.786
